航空公司,促销标题,状态,优惠力度,优惠亮点,相关度,出发地,目的地,是否有明确价格,是否通知,判断原因,预订日期,旅行日期,首次发现时间,最后更新时间,官方链接,摘要
全日空,联程购买ANA中国大陆出发经东京/大阪转机 飞往日本国内其他城市的机票 日本国内转机航段票价免费！,进行中,很划算,含免费航段/机票权益；公布明确价格,低,,日本,是,否,无中国大陆核心或次级出发地 + 日本目的地 + 明确促销价格,,"航线：北京、上海、广州、深圳、大连、青岛、杭州航线 780元 起 2,900元 起 详细信息 * 2023年全日空中国地区官网11.11促销活动的详细信息，将于2023年11月6日在本网站公布",2026-09-21,2026-09-21,https://www.ana.co.jp/zh/cn/plan-book/promotions/japan-domestic-flight-transfer,"联程购买ANA中国大陆出发经东京/大阪转机 飞往日本国内其他城市的机票 日本国内转机航段票价免费！ 适用航线：北京、上海、广州、深圳、大连、青岛、杭州航线 780元 起 2,900元 起 详细信息 * 2023年全日空中国地区官网11.11促销活动的详细信息，将于2023年11月6日在本网站公布。敬请期待！"
新加坡航空,促销活动（中文翻译暂不可用）,进行中,很划算,最高30%优惠,低,,东南亚,否,否,无中国大陆核心或次级出发地 + 东南亚目的地 + 明确促销活动,购票期请以官方页面为准,,2026-09-21,2026-09-21,https://www.singaporeair.com/en_UK/cn/plan-travel/promotions/global/kf/kf-promo/kfescapes,中文翻译暂不可用，请打开官方链接查看活动详情。
新加坡航空,促销活动（中文翻译暂不可用）,进行中,普通,,低,,东南亚,否,否,无中国大陆核心或次级出发地 + 东南亚目的地 + 明确促销活动,,,2026-09-21,2026-09-21,https://www.singaporeair.com/en_UK/cn/plan-travel/promotions/kf-promotions,中文翻译暂不可用，请打开官方链接查看活动详情。
新加坡航空,促销活动（中文翻译暂不可用）,进行中,普通,,低,,东南亚,否,否,无中国大陆核心或次级出发地 + 东南亚目的地 + 明确促销活动,,旅行期请以官方页面为准,2026-09-21,2026-09-21,https://www.singaporeair.com/en_UK/hk/plan-travel/local-promotions/travel-in-the-greater-bay-area,中文翻译暂不可用，请打开官方链接查看活动详情。
亚洲航空,促销活动（中文翻译暂不可用）,进行中,普通,,低,,泰国、东南亚,否,否,无中国大陆核心或次级出发地 + 泰国 + 东南亚目的地 + 无明确价格或促销,购票期请以官方页面为准,旅行期请以官方页面为准,2026-09-25,2026-09-25,https://newsroom.airasia.com/news/airasia-celebrates-17-years-as-worlds-best-low-cost-airline-with-flight-lotto-campaign-to-win-17-months-17-trips-of-free-travel-for-17-winners,中文翻译暂不可用，请打开官方链接查看活动详情。
日本航空,促销活动（中文翻译暂不可用）,进行中,普通,,低,,日本,否,否,无中国大陆核心或次级出发地 + 日本目的地 + 无明确价格或促销,,,2026-09-21,2026-09-21,https://www.jal.co.jp/jp/ja/inter/campaign/hawaii-anniversary?cp=inter,中文翻译暂不可用，请打开官方链接查看活动详情。
日本航空,促销活动（中文翻译暂不可用）,进行中,普通,,低,,日本,否,否,无中国大陆核心或次级出发地 + 日本目的地 + 无明确价格或促销,,,2026-09-21,2026-09-21,https://www.jal.co.jp/jp/ja/inter/recommend/motto-kaigai?cp=inter,中文翻译暂不可用，请打开官方链接查看活动详情。
日本航空,促销活动（中文翻译暂不可用）,进行中,普通,,低,,日本,否,否,无中国大陆核心或次级出发地 + 日本目的地 + 无明确价格或促销,,,2026-09-21,2026-09-21,https://www.jal.co.jp/jp/ja/inter/baggage/jkt_surfboard?cp=inter,中文翻译暂不可用，请打开官方链接查看活动详情。
新加坡航空,促销活动（中文翻译暂不可用）,进行中,普通,,低,,东南亚,否,否,无中国大陆核心或次级出发地 + 东南亚目的地 + 无明确价格或促销,,,2026-09-21,2026-09-21,https://www.singaporeair.com/en_UK/cn/ppsclub-krisflyer/krisflyer/krisflyer-milestone-rewards,中文翻译暂不可用，请打开官方链接查看活动详情。
亚洲航空,促销活动（中文翻译暂不可用）,进行中,普通,,低,,泰国、东南亚,否,否,无中国大陆核心或次级出发地 + 泰国 + 东南亚目的地 + 仅境外航线变化 + 仅旺季扩张/运力 PR,,旅行期请以官方页面为准,2026-09-22,2026-09-22,https://newsroom.airasia.com/news/airasia-gears-up-for-high-season-with-major-international-expansion,中文翻译暂不可用，请打开官方链接查看活动详情。
酷航,促销活动（中文翻译暂不可用）,进行中,较好,公布明确价格,低,,,是,否,无中国大陆核心或次级出发地 + 未识别目的地区域 + 明确促销价格,,,2026-09-21,2026-09-21,https://www.flyscoot.com/flights/en-sg/scoot-travel-deals?utm_source=website&utm_medium=homepage_promo_tile&utm_campaign=scoot_travel_deals,
新加坡航空,Kris+,进行中,较好,公布明确价格,低,,,是,否,无中国大陆核心或次级出发地 + 未识别目的地区域 + 明确促销价格,,,2026-09-21,2026-09-21,https://www.singaporeair.com/en_UK/cn/ppsclub-krisflyer/use-miles/krisplus,中文翻译暂不可用，请打开官方链接查看活动详情。
新加坡航空,促销活动（中文翻译暂不可用）,进行中,很划算,最高15%优惠,低,,,否,否,无中国大陆核心或次级出发地 + 未识别目的地区域 + 明确促销活动,购票期请以官方页面为准,,2026-09-21,2026-09-21,https://www.singaporeair.com/en_UK/cn/home,中文翻译暂不可用，请打开官方链接查看活动详情。
新加坡航空,促销活动（中文翻译暂不可用）,进行中,很划算,最高20%优惠,低,,,否,否,无中国大陆核心或次级出发地 + 未识别目的地区域 + 明确促销活动,,,2026-09-21,2026-09-21,https://www.singaporeair.com/en_UK/sg/ppsclub-krisflyer/kf-miles-paradise,中文翻译暂不可用，请打开官方链接查看活动详情。
越南航空,早鸟优惠 - 提前预订，最高可享15%折扣,进行中,很划算,最高15%优惠,低,,,否,否,无中国大陆核心或次级出发地 + 未识别目的地区域 + 明确促销活动,2026-04-30 至 2026-12-30,,2026-09-21,2026-09-21,https://www.vietnamairlines.com/zh-cn/early-bird-specials-vietnam-airlines,
越南航空,LotuSociates - 国内及国际航班最高可享10%优惠,进行中,较好,最高10%优惠,低,,,否,否,无中国大陆核心或次级出发地 + 未识别目的地区域 + 明确促销活动,2026-04-30 至 2026-12-31,,2026-09-21,2026-09-21,https://www.vietnamairlines.com/cn/zh/plan-book/LotuSociety/lotusociates-offers,
中国国际航空,国航同行惠,进行中,普通,,低,,,否,否,无中国大陆核心或次级出发地 + 未识别目的地区域 + 明确促销活动,,,2026-09-21,2026-09-21,https://act.airchina.com.cn/?activityCode=208334705792&channelCode=3&channelTag=null,结伴畅飞专享特惠
新加坡航空,促销活动（中文翻译暂不可用）,进行中,普通,,低,,,否,否,无中国大陆核心或次级出发地 + 未识别目的地区域 + 明确促销活动,,,2026-09-21,2026-09-21,https://www.singaporeair.com/content/dam/sia/web-assets/images/local/cn/wmp-monthly/WMP_HomePage_SAA_white_2024.png,中文翻译暂不可用，请打开官方链接查看活动详情。
越南航空,促销活动（中文翻译暂不可用）,进行中,很划算,最高15%优惠,低,,,否,否,无中国大陆核心或次级出发地 + 未识别目的地区域 + 无明确价格或促销,2026-04-30 至 2026-12-31,,2026-09-21,2026-09-21,https://www.vietnamairlines.com/zh-cn/nhom-lon-gia-nho-online-vietnam-airlines,
中国国际航空,2026添次良积第三季,进行中,普通,,低,,,否,否,无中国大陆核心或次级出发地 + 未识别目的地区域 + 无明确价格或促销,,,2026-09-21,2026-09-21,https://act.airchina.com.cn/?activityCode=239684767616&channelCode=3&channelTag=null,“优惠券+里程”送不停
中国国际航空,2026版双城次卡,进行中,普通,,低,,,否,否,无中国大陆核心或次级出发地 + 未识别目的地区域 + 无明确价格或促销,,,2026-09-21,2026-09-21,https://act.airchina.com.cn/?activityCode=223376278656&channelCode=3&channelTag=null,畅行无忧
中国国际航空,庆祝北京-马德里直飞航线20周年,进行中,普通,,低,,,否,否,无中国大陆核心或次级出发地 + 未识别目的地区域 + 无明确价格或促销,,,2026-09-21,2026-09-21,https://act.airchina.com.cn/?activityCode=248026285952&channelCode=3&channelTag=null,国航旅客专享马德里目的地礼遇
日本航空,促销活动（中文翻译暂不可用）,进行中,普通,,低,,,否,否,无中国大陆核心或次级出发地 + 未识别目的地区域 + 无明确价格或促销,,,2026-09-21,2026-09-21,https://www.jal.co.jp/jp/ja/inter/route/gum?cp=inter,中文翻译暂不可用，请打开官方链接查看活动详情。
日本航空,促销活动（中文翻译暂不可用）,进行中,普通,,低,,,否,否,无中国大陆核心或次级出发地 + 未识别目的地区域 + 无明确价格或促销,,旅行期请以官方页面为准,2026-09-21,2026-09-21,https://www.jal.co.jp/jp/ja/tour/ejal-kangencpn?cp=inter,中文翻译暂不可用，请打开官方链接查看活动详情。
日本航空,促销活动（中文翻译暂不可用）,进行中,普通,,低,,,否,否,无中国大陆核心或次级出发地 + 未识别目的地区域 + 无明确价格或促销,,,2026-09-21,2026-09-21,https://www.jal.co.jp/jp/ja/inter/recommend/southeast-asia?cp=inter,中文翻译暂不可用，请打开官方链接查看活动详情。
日本航空,促销活动（中文翻译暂不可用）,进行中,普通,,低,,,否,否,无中国大陆核心或次级出发地 + 未识别目的地区域 + 无明确价格或促销,,,2026-09-21,2026-09-21,https://www.jal.co.jp/jp/ja/inter/recommend/weekend-trip?cp=inter,中文翻译暂不可用，请打开官方链接查看活动详情。
酷航,自由而飞,进行中,普通,,低,,,否,否,无中国大陆核心或次级出发地 + 未识别目的地区域 + 无明确价格或促销,,,2026-09-21,2026-09-21,https://www.flyscoot.com/zh/krisflyer/spontaneous-escapes,立即兑换，即可享受酷航精选 Saver 奖励机票八五折优惠。
新加坡航空,促销活动（中文翻译暂不可用）,进行中,普通,,低,,,否,否,无中国大陆核心或次级出发地 + 未识别目的地区域 + 无明确价格或促销,购票期请以官方页面为准,,2026-09-21,2026-09-21,https://www.singaporeair.com/en_UK/cn/ppsclub-krisflyer/krisflyer/krisflyer-students,中文翻译暂不可用，请打开官方链接查看活动详情。
越南航空,LotuStudents - 专为学生打造的超值优惠之选,进行中,普通,,低,,,否,否,无中国大陆核心或次级出发地 + 未识别目的地区域 + 无明确价格或促销,2026-04-30 至 2026-12-31,,2026-09-21,2026-09-21,https://www.vietnamairlines.com/cn/zh/plan-book/LotuSociety/lotustudents-offers,
越南航空,LotusYouth - 为年轻旅客量身定制专属优惠，开启探索世界之旅,进行中,普通,,低,,,否,否,无中国大陆核心或次级出发地 + 未识别目的地区域 + 无明确价格或促销,2026-04-30 至 2026-12-31,,2026-09-21,2026-09-21,https://www.vietnamairlines.com/cn/zh/plan-book/LotuSociety/lotusyouth-offers,
越南航空,会员等级礼遇 - 银卡及以上会员专属优惠,进行中,普通,,低,,,否,否,无中国大陆核心或次级出发地 + 未识别目的地区域 + 无明确价格或促销,2026-04-30 至 2026-12-31,,2026-09-21,2026-09-21,https://www.vietnamairlines.com/zh-cn/lotusmiles-offers,
